DELETE FROM module;
INSERT INTO module (module_id, module_title, module_class, module_group, module_description)  VALUES ('lebah_app_PortalLoginModule', 'Login', 'lebah.app.PortalLoginModule', 'PORTAL BASIC', 'none') ;
INSERT INTO module (module_id, module_title, module_class, module_group, module_description)  VALUES ('lebah_app_EmptyModule', 'Empty', 'lebah.app.EmptyModule', 'PORTAL BASIC', 'none') ;
INSERT INTO module (module_id, module_title, module_class, module_group, module_description)  VALUES ('lebah_general_EmailEnquiryModule', 'Email Enquiry', 'lebah.general.EmailEnquiryModule', 'PORTAL BASIC', 'none') ;
INSERT INTO module (module_id, module_title, module_class, module_group, module_description)  VALUES ('lebah_app_UserLogModule', 'User Logs', 'lebah.app.UserLogModule', 'PORTAL USERS LOG STATISTIC', 'none') ;
INSERT INTO module (module_id, module_title, module_class, module_group, module_description)  VALUES ('lebah_app_UserLogStatModule', 'User Log Statistic', 'lebah.app.UserLogStatModule', 'PORTAL USERS LOG STATISTIC', 'none') ;
INSERT INTO module (module_id, module_title, module_class, module_group, module_description)  VALUES ('lebah_log_LogCountryModule', 'Country Logs', 'lebah.log.LogCountryModule', 'PORTAL USERS LOG STATISTIC', 'none') ;
INSERT INTO module (module_id, module_title, module_class, module_group, module_description)  VALUES ('lebah_log_LogIPCountModule', 'IP Logs', 'lebah.log.LogIPCountModule', 'PORTAL USERS LOG STATISTIC', 'none') ;
INSERT INTO module (module_id, module_title, module_class, module_group, module_description)  VALUES ('lebah_log_UserLogStatModule', 'User Log Statistic', 'lebah.log.UserLogStatModule', 'PORTAL USERS LOG STATISTIC', 'none') ;
INSERT INTO module (module_id, module_title, module_class, module_group, module_description)  VALUES ('lebah_app_users.UserAdministratorModule', 'User Manager', 'lebah.app.users.UserAdministratorModule', 'PORTAL ADMINISTRATION', 'none') ;
INSERT INTO module (module_id, module_title, module_class, module_group, module_description)  VALUES ('lebah_app_UpdateUserModule', 'Update User', 'lebah.app.UpdateUserModule', 'PORTAL ADMINISTRATION', 'none') ;
INSERT INTO module (module_id, module_title, module_class, module_group, module_description)  VALUES ('lebah_app_RegisterNewModule', 'Register Module', 'lebah.app.RegisterNewModule', 'PORTAL ADMINISTRATION', 'none') ;
INSERT INTO module (module_id, module_title, module_class, module_group, module_description)  VALUES ('lebah_app_RegisterUserModule', 'Register User', 'lebah.app.RegisterUserModule', 'PORTAL ADMINISTRATION', 'none') ;
INSERT INTO module (module_id, module_title, module_class, module_group, module_description)  VALUES ('lebah_app_RoleEditorModule', 'User Modules Access Privilleges', 'lebah.app.RoleEditorModule', 'PORTAL ADMINISTRATION', 'none') ;
INSERT INTO module (module_id, module_title, module_class, module_group, module_description)  VALUES ('lebah_app_RoleModule', 'Roles Manager', 'lebah.app.RoleModule', 'PORTAL ADMINISTRATION', 'none') ;
INSERT INTO module (module_id, module_title, module_class, module_group, module_description)  VALUES ('lebah_listeners_SessionListenerModule', 'Sessions Listener', 'lebah.listeners.SessionListenerModule', 'PORTAL ADMINISTRATION', 'none') ;
INSERT INTO module (module_id, module_title, module_class, module_group, module_description)  VALUES ('lebah_module_theme_PageStyleManagerModule', 'Themes Manager', 'lebah.module.theme.PageStyleManagerModule', 'PORTAL ADMINISTRATION', 'none') ;
INSERT INTO module (module_id, module_title, module_class, module_group, module_description)  VALUES ('lebah_util_RepositoryModule', 'Repository', 'lebah.util.RepositoryModule', 'PORTAL ADMINISTRATION', 'none') ;
INSERT INTO module (module_id, module_title, module_class, module_group, module_description)  VALUES ('lebah_portal_PrepareUserModule', 'Role Pages Template', 'lebah.portal.PrepareUserModule', 'PORTAL ADMINISTRATION', 'none') ;
INSERT INTO module (module_id, module_title, module_class, module_group, module_description)  VALUES ('lebah_portal_RenameGroupModule', 'Rename Modules Group', 'lebah.portal.RenameGroupModule', 'PORTAL ADMINISTRATION', 'none') ;
INSERT INTO module (module_id, module_title, module_class, module_group, module_description)  VALUES ('lebah_general_AppFileManagerModule', 'File Manager', 'lebah.general.AppFileManagerModule', 'PORTAL ADMINISTRATION', 'none') ;
INSERT INTO module (module_id, module_title, module_class, module_group, module_description)  VALUES ('lebah_app_UpdatePageStyleModule', 'Change Portal Theme', 'lebah.app.UpdatePageStyleModule', 'PORTAL USER', 'none') ;
INSERT INTO module (module_id, module_title, module_class, module_group, module_description)  VALUES ('lebah_app_UpdateUserProfileModule', 'My Profile', 'lebah.app.UpdateUserProfileModule', 'PORTAL USER', 'none') ;
INSERT INTO module (module_id, module_title, module_class, module_group, module_description)  VALUES ('lebah_mail_MailModule', 'Email', 'lebah.mail.MailModule', 'PORTAL USER', 'none') ;
INSERT INTO module (module_id, module_title, module_class, module_group, module_description)  VALUES ('lebah_app_AssignmentModule', 'Assignment', 'lebah.app.AssignmentModule', 'PORTAL COLLABORATION', 'none') ;
INSERT INTO module (module_id, module_title, module_class, module_group, module_description)  VALUES ('lebah_app_ForumModule', 'Discussion Forum', 'lebah.app.ForumModule', 'PORTAL COLLABORATION', 'none') ;
INSERT INTO module (module_id, module_title, module_class, module_group, module_description)  VALUES ('lebah_app_MessageModule', 'Announcement', 'lebah.app.MessageModule', 'PORTAL COLLABORATION', 'none') ;
INSERT INTO module (module_id, module_title, module_class, module_group, module_description)  VALUES ('lebah_app_shout.ShoutModule', 'Shout Box', 'lebah.app.shout.ShoutModule', 'PORTAL COLLABORATION', 'none') ;
INSERT INTO module (module_id, module_title, module_class, module_group, module_description)  VALUES ('lebah_guestbook_GuestBookModule', 'Guest Book', 'lebah.guestbook.GuestBookModule', 'PORTAL COLLABORATION', 'none') ;
INSERT INTO module (module_id, module_title, module_class, module_group, module_description)  VALUES ('lebah_planner_CalendarModule', 'Calendar', 'lebah.planner.CalendarModule', 'PORTAL COLLABORATION', 'none') ;
INSERT INTO module (module_id, module_title, module_class, module_group, module_description)  VALUES ('lebah_planner_PlannerModule', 'Scheduler', 'lebah.planner.PlannerModule', 'PORTAL COLLABORATION', 'none') ;
INSERT INTO module (module_id, module_title, module_class, module_group, module_description)  VALUES ('lebah_portal_users_RegisterModule', 'Register', 'lebah.portal.users.RegisterModule', 'PORTAL COLLABORATION', 'none') ;
INSERT INTO module (module_id, module_title, module_class, module_group, module_description)  VALUES ('lebah_app_content_ArticleModule', 'Article', 'lebah.app.content.ArticleModule', 'PORTAL COLLABORATION', 'none') ;
INSERT INTO module (module_id, module_title, module_class, module_group, module_description)  VALUES ('lebah_util_CSSFileManagerModule', 'CSS File Manager', 'lebah.util.CSSFileManagerModule', 'PORTAL REPOSITORY', 'none') ;
INSERT INTO module (module_id, module_title, module_class, module_group, module_description)  VALUES ('lebah_util_FileManagerModule', 'File Manager', 'lebah.util.FileManagerModule', 'PORTAL REPOSITORY', 'none') ;
INSERT INTO module (module_id, module_title, module_class, module_group, module_description)  VALUES ('lebah_util_FilesRepositoryModule', 'File Repository', 'lebah.util.FilesRepositoryModule', 'PORTAL REPOSITORY', 'none') ;
INSERT INTO module (module_id, module_title, module_class, module_group, module_description)  VALUES ('lebah_prototype_LORepositoryModule', 'LOM Repository', 'lebah.prototype.LORepositoryModule', 'PORTAL REPOSITORY', 'none') ;
INSERT INTO module (module_id, module_title, module_class, module_group, module_description)  VALUES ('lebah_repository_ImageGalleryModule', 'Image Gallery', 'lebah.repository.ImageGalleryModule', 'PORTAL REPOSITORY', 'none') ;
INSERT INTO module (module_id, module_title, module_class, module_group, module_description)  VALUES ('lebah_repository_RepositoryModule', 'File Sharing Repository', 'lebah.repository.RepositoryModule', 'PORTAL REPOSITORY', 'none') ;
INSERT INTO module (module_id, module_title, module_class, module_group, module_description)  VALUES ('lebah_portal_mobile_ListRegisteredModule', 'List Modules for Mobile', 'lebah.portal.mobile.ListRegisteredModule', 'PORTAL MOBILE', 'none') ;
INSERT INTO module (module_id, module_title, module_class, module_group, module_description)  VALUES ('lebah_portal_mobile_LoginModule', 'Login', 'lebah.portal.mobile.LoginModule', 'PORTAL MOBILE', 'none') ;
INSERT INTO module (module_id, module_title, module_class, module_group, module_description)  VALUES ('lebah_portal_mobile_LogoutModule', 'Logout', 'lebah.portal.mobile.LogoutModule', 'PORTAL MOBILE', 'none') ;
INSERT INTO module (module_id, module_title, module_class, module_group, module_description)  VALUES ('lebah_portal_mobile_SetupMobileModule', 'Setup Mobile', 'lebah.portal.mobile.SetupMobileModule', 'PORTAL MOBILE', 'none') ;
INSERT INTO module (module_id, module_title, module_class, module_group, module_description)  VALUES ('lebah_portal_db_DbInfoModule', 'Db Info', 'lebah.portal.db.DbInfoModule', 'PORTAL ADMINISTRATION', '') ;
INSERT INTO module (module_id, module_title, module_class, module_group, module_description)  VALUES ('lebah_app_ModuleEditor', 'List Modules', 'lebah.app.ModuleEditor', 'PORTAL ADMINISTRATION', '') ;
INSERT INTO module (module_id, module_title, module_class, module_group, module_description)  VALUES ('Anon_1192340279690', 'Hello World!', 'lebah.app.HtmlProxyAjaxModule', 'HTML_ANON', '') ;
INSERT INTO module (module_id, module_title, module_class, module_group, module_description)  VALUES ('Anon_1192340279700', 'Contact', 'lebah.app.HtmlProxyAjaxModule', 'HTML_ANON', '') ;
INSERT INTO module (module_id, module_title, module_class, module_group, module_description)  VALUES ('Anon_1192340279703', 'Ajax Demo', 'lebah.app.HtmlProxyAjaxModule', 'HTML_ANON', '') ;
DELETE FROM module_htmlcontainer;
INSERT INTO module_htmlcontainer (module_id, html_url)  VALUES ('Anon_1192336289028', 'html/helloworld.html') ;
INSERT INTO module_htmlcontainer (module_id, html_url)  VALUES ('Anon_1192339745188', 'html/helloworld.html') ;
INSERT INTO module_htmlcontainer (module_id, html_url)  VALUES ('Anon_1192340279690', 'html/lorem1.html') ;
INSERT INTO module_htmlcontainer (module_id, html_url)  VALUES ('Anon_1192340279700', 'html/lorem1.html') ;
INSERT INTO module_htmlcontainer (module_id, html_url)  VALUES ('Anon_1192340279703', 'html/lorem1.html') ;
DELETE FROM nationality_code;
DELETE FROM page_css;
INSERT INTO page_css (css_title, css_name)  VALUES ('Default', 'default.css') ;
INSERT INTO page_css (css_title, css_name)  VALUES ('Maroon', 'maroon.css') ;
INSERT INTO page_css (css_title, css_name)  VALUES ('Aeon', 'aeon.css') ;
DELETE FROM race_code;
DELETE FROM religion_code;
DELETE FROM role;
INSERT INTO role (name, description)  VALUES ('anon', 'Anonymous') ;
INSERT INTO role (name, description)  VALUES ('admin', 'Administrator') ;
INSERT INTO role (name, description)  VALUES ('user', 'User') ;
INSERT INTO role (name, description)  VALUES ('student', 'Student') ;
INSERT INTO role (name, description)  VALUES ('teacher', 'Teacher') ;
DELETE FROM role_module;
INSERT INTO role_module (module_id, user_role)  VALUES ('lebah_app_PortalLoginModule', 'root') ;
INSERT INTO role_module (module_id, user_role)  VALUES ('lebah_app_EmptyModule', 'root') ;
INSERT INTO role_module (module_id, user_role)  VALUES ('lebah_general_EmailEnquiryModule', 'root') ;
INSERT INTO role_module (module_id, user_role)  VALUES ('lebah_app_UserLogModule', 'root') ;
INSERT INTO role_module (module_id, user_role)  VALUES ('lebah_app_UserLogStatModule', 'root') ;
INSERT INTO role_module (module_id, user_role)  VALUES ('lebah_log_LogCountryModule', 'root') ;
INSERT INTO role_module (module_id, user_role)  VALUES ('lebah_log_LogIPCountModule', 'root') ;
INSERT INTO role_module (module_id, user_role)  VALUES ('lebah_log_UserLogStatModule', 'root') ;
INSERT INTO role_module (module_id, user_role)  VALUES ('lebah_app_users_UserAdministratorModule', 'root') ;
INSERT INTO role_module (module_id, user_role)  VALUES ('lebah_app_UpdateUserModule', 'root') ;
INSERT INTO role_module (module_id, user_role)  VALUES ('lebah_app_RegisterNewModule', 'root') ;
INSERT INTO role_module (module_id, user_role)  VALUES ('lebah_app_RegisterUserModule', 'root') ;
INSERT INTO role_module (module_id, user_role)  VALUES ('lebah_app_RoleEditorModule', 'root') ;
INSERT INTO role_module (module_id, user_role)  VALUES ('lebah_app_RoleModule', 'root') ;
INSERT INTO role_module (module_id, user_role)  VALUES ('lebah_listeners_SessionListenerModule', 'root') ;
INSERT INTO role_module (module_id, user_role)  VALUES ('lebah_module_theme_PageStyleManagerModule', 'root') ;
INSERT INTO role_module (module_id, user_role)  VALUES ('lebah_util_RepositoryModule', 'root') ;
INSERT INTO role_module (module_id, user_role)  VALUES ('lebah_portal_PrepareUserModule', 'root') ;
INSERT INTO role_module (module_id, user_role)  VALUES ('lebah_portal_RenameGroupModule', 'root') ;
INSERT INTO role_module (module_id, user_role)  VALUES ('lebah_general_AppFileManagerModule', 'root') ;
INSERT INTO role_module (module_id, user_role)  VALUES ('lebah_app_UpdatePageStyleModule', 'root') ;
INSERT INTO role_module (module_id, user_role)  VALUES ('lebah_app_UpdateUserProfileModule', 'root') ;
INSERT INTO role_module (module_id, user_role)  VALUES ('lebah_mail_MailModule', 'root') ;
INSERT INTO role_module (module_id, user_role)  VALUES ('lebah_app_AssignmentModule', 'root') ;
INSERT INTO role_module (module_id, user_role)  VALUES ('lebah_planner_CalendarModule', 'root') ;
INSERT INTO role_module (module_id, user_role)  VALUES ('lebah_planner_PlannerModule', 'root') ;
INSERT INTO role_module (module_id, user_role)  VALUES ('lebah_portal_users_RegisterModule', 'root') ;
INSERT INTO role_module (module_id, user_role)  VALUES ('lebah_util_CSSFileManagerModule', 'root') ;
INSERT INTO role_module (module_id, user_role)  VALUES ('lebah_util_FileManagerModule', 'root') ;
INSERT INTO role_module (module_id, user_role)  VALUES ('lebah_util_FilesRepositoryModule', 'root') ;
INSERT INTO role_module (module_id, user_role)  VALUES ('lebah_prototype_LORepositoryModule', 'root') ;
INSERT INTO role_module (module_id, user_role)  VALUES ('lebah_repository_ImageGalleryModule', 'root') ;
INSERT INTO role_module (module_id, user_role)  VALUES ('lebah_repository_RepositoryModule', 'root') ;
INSERT INTO role_module (module_id, user_role)  VALUES ('lebah_portal_mobile_ListRegisteredModule', 'root') ;
INSERT INTO role_module (module_id, user_role)  VALUES ('lebah_portal_mobile_LoginModule', 'root') ;
INSERT INTO role_module (module_id, user_role)  VALUES ('lebah_portal_mobile_LogoutModule', 'root') ;
INSERT INTO role_module (module_id, user_role)  VALUES ('lebah_portal_mobile_SetupMobileModule', 'root') ;
INSERT INTO role_module (module_id, user_role)  VALUES ('lebah_portal_db_DbInfoModule', 'root') ;
INSERT INTO role_module (module_id, user_role)  VALUES ('lebah_app_ModuleEditor', 'root') ;
INSERT INTO role_module (module_id, user_role)  VALUES ('lebah_guestbook_GuestBookModule', 'anon') ;
INSERT INTO role_module (module_id, user_role)  VALUES ('lebah_guestbook_GuestBookModule', 'root') ;
INSERT INTO role_module (module_id, user_role)  VALUES ('lebah_app_content_ArticleModule', 'root') ;
INSERT INTO role_module (module_id, user_role)  VALUES ('lebah_app_shout_ShoutModule', 'academic_affair') ;
INSERT INTO role_module (module_id, user_role)  VALUES ('lebah_app_shout_ShoutModule', 'anon') ;
INSERT INTO role_module (module_id, user_role)  VALUES ('lebah_app_shout_ShoutModule', 'bursar') ;
INSERT INTO role_module (module_id, user_role)  VALUES ('lebah_app_shout_ShoutModule', 'student') ;
INSERT INTO role_module (module_id, user_role)  VALUES ('lebah_app_shout_ShoutModule', 'student_affair') ;
INSERT INTO role_module (module_id, user_role)  VALUES ('lebah_app_shout_ShoutModule', 'teacher') ;
INSERT INTO role_module (module_id, user_role)  VALUES ('lebah_app_shout_ShoutModule', 'user') ;
INSERT INTO role_module (module_id, user_role)  VALUES ('lebah_app_shout_ShoutModule', 'root') ;
INSERT INTO role_module (module_id, user_role)  VALUES ('lebah_app_MessageModule', 'anon') ;
INSERT INTO role_module (module_id, user_role)  VALUES ('lebah_app_MessageModule', 'root') ;
INSERT INTO role_module (module_id, user_role)  VALUES ('lebah_app_shout.ShoutModule', 'anon') ;
INSERT INTO role_module (module_id, user_role)  VALUES ('lebah_app_shout.ShoutModule', 'student') ;
INSERT INTO role_module (module_id, user_role)  VALUES ('lebah_app_shout.ShoutModule', 'teacher') ;
INSERT INTO role_module (module_id, user_role)  VALUES ('lebah_app_shout.ShoutModule', 'user') ;
INSERT INTO role_module (module_id, user_role)  VALUES ('lebah_app_shout.ShoutModule', 'root') ;
INSERT INTO role_module (module_id, user_role)  VALUES ('lebah_app_ForumModule', 'anon') ;
INSERT INTO role_module (module_id, user_role)  VALUES ('lebah_app_ForumModule', 'student') ;
INSERT INTO role_module (module_id, user_role)  VALUES ('lebah_app_ForumModule', 'teacher') ;
INSERT INTO role_module (module_id, user_role)  VALUES ('lebah_app_ForumModule', 'user') ;
INSERT INTO role_module (module_id, user_role)  VALUES ('lebah_app_ForumModule', 'root') ;
INSERT INTO role_module (module_id, user_role)  VALUES ('lebah_app_RegisterNewModule', 'admin') ;
INSERT INTO role_module (module_id, user_role)  VALUES ('lebah_app_RoleEditorModule', 'admin') ;
INSERT INTO role_module (module_id, user_role)  VALUES ('lebah_app_RoleModule', 'admin') ;
INSERT INTO role_module (module_id, user_role)  VALUES ('lebah_listeners_SessionListenerModule', 'admin') ;
INSERT INTO role_module (module_id, user_role)  VALUES ('lebah_module_theme_PageStyleManagerModule', 'admin') ;
INSERT INTO role_module (module_id, user_role)  VALUES ('lebah_util_RepositoryModule', 'admin') ;
INSERT INTO role_module (module_id, user_role)  VALUES ('lebah_portal_PrepareUserModule', 'admin') ;
INSERT INTO role_module (module_id, user_role)  VALUES ('lebah_portal_RenameGroupModule', 'admin') ;
INSERT INTO role_module (module_id, user_role)  VALUES ('lebah_general_AppFileManagerModule', 'admin') ;
INSERT INTO role_module (module_id, user_role)  VALUES ('lebah_app_RegisterUserModule', 'admin') ;
INSERT INTO role_module (module_id, user_role)  VALUES ('lebah_portal_db_DbInfoModule', 'admin') ;
INSERT INTO role_module (module_id, user_role)  VALUES ('lebah_app_UpdateUserModule', 'admin') ;
INSERT INTO role_module (module_id, user_role)  VALUES ('lebah_app_users.UserAdministratorModule', 'admin') ;
INSERT INTO role_module (module_id, user_role)  VALUES ('lebah_app_ModuleEditor', 'admin') ;
INSERT INTO role_module (module_id, user_role)  VALUES ('lebah_app_shout.ShoutModule', 'admin') ;
INSERT INTO role_module (module_id, user_role)  VALUES ('lebah_app_MessageModule', 'admin') ;
INSERT INTO role_module (module_id, user_role)  VALUES ('lebah_app_ForumModule', 'admin') ;
INSERT INTO role_module (module_id, user_role)  VALUES ('lebah_guestbook_GuestBookModule', 'admin') ;
INSERT INTO role_module (module_id, user_role)  VALUES ('Anon_1192336289017', 'anon') ;
INSERT INTO role_module (module_id, user_role)  VALUES ('Anon_1192336289017', 'admin') ;
INSERT INTO role_module (module_id, user_role)  VALUES ('Anon_1192336289017', 'root') ;
INSERT INTO role_module (module_id, user_role)  VALUES ('Anon_1192336289020', 'anon') ;
INSERT INTO role_module (module_id, user_role)  VALUES ('Anon_1192336289020', 'admin') ;
INSERT INTO role_module (module_id, user_role)  VALUES ('Anon_1192336289020', 'root') ;
INSERT INTO role_module (module_id, user_role)  VALUES ('Anon_1192336289021', 'anon') ;
INSERT INTO role_module (module_id, user_role)  VALUES ('Anon_1192336289021', 'admin') ;
INSERT INTO role_module (module_id, user_role)  VALUES ('Anon_1192336289021', 'root') ;
INSERT INTO role_module (module_id, user_role)  VALUES ('Anon_1192336289026', 'anon') ;
INSERT INTO role_module (module_id, user_role)  VALUES ('Anon_1192336289026', 'admin') ;
INSERT INTO role_module (module_id, user_role)  VALUES ('Anon_1192336289026', 'root') ;
INSERT INTO role_module (module_id, user_role)  VALUES ('Anon_1192336289027', 'anon') ;
INSERT INTO role_module (module_id, user_role)  VALUES ('Anon_1192336289027', 'admin') ;
INSERT INTO role_module (module_id, user_role)  VALUES ('Anon_1192336289027', 'root') ;
INSERT INTO role_module (module_id, user_role)  VALUES ('Anon_1192339888299', 'anon') ;
INSERT INTO role_module (module_id, user_role)  VALUES ('Anon_1192339888299', 'admin') ;
INSERT INTO role_module (module_id, user_role)  VALUES ('Anon_1192339888299', 'root') ;
INSERT INTO role_module (module_id, user_role)  VALUES ('Anon_1192340279690', 'anon') ;
INSERT INTO role_module (module_id, user_role)  VALUES ('Anon_1192340279690', 'admin') ;
INSERT INTO role_module (module_id, user_role)  VALUES ('Anon_1192340279690', 'root') ;
INSERT INTO role_module (module_id, user_role)  VALUES ('Anon_1192340279700', 'anon') ;
INSERT INTO role_module (module_id, user_role)  VALUES ('Anon_1192340279700', 'admin') ;
INSERT INTO role_module (module_id, user_role)  VALUES ('Anon_1192340279700', 'root') ;
INSERT INTO role_module (module_id, user_role)  VALUES ('Anon_1192340279703', 'anon') ;
INSERT INTO role_module (module_id, user_role)  VALUES ('Anon_1192340279703', 'admin') ;
INSERT INTO role_module (module_id, user_role)  VALUES ('Anon_1192340279703', 'root') ;
DELETE FROM state_code;
DELETE FROM tab_template;
INSERT INTO tab_template (tab_id, tab_title, user_login, sequence, display_type, locked)  VALUES ('1192197886708', 'Teacher Home', 'teacher', 0, 'two_columns', 0) ;
INSERT INTO tab_template (tab_id, tab_title, user_login, sequence, display_type, locked)  VALUES ('1192201628020', 'Student Space', 'student', 0, 'top_navigation', 0) ;
INSERT INTO tab_template (tab_id, tab_title, user_login, sequence, display_type, locked)  VALUES ('1192201628021', 'Classroom', 'student', 1, 'left_navigation', 0) ;
INSERT INTO tab_template (tab_id, tab_title, user_login, sequence, display_type, locked)  VALUES ('1192201628026', 'Community', 'user', 0, 'single_column', 0) ;
INSERT INTO tab_template (tab_id, tab_title, user_login, sequence, display_type, locked)  VALUES ('1192201628027', 'Chats', 'user', 1, 'single_column', 0) ;
INSERT INTO tab_template (tab_id, tab_title, user_login, sequence, display_type, locked)  VALUES ('1192246744086', 'My Classroom', 'teacher', 1, 'left_navigation', 1) ;
INSERT INTO tab_template (tab_id, tab_title, user_login, sequence, display_type, locked)  VALUES ('1192246744092', 'User Management', 'admin', 0, 'left_navigation', 0) ;
INSERT INTO tab_template (tab_id, tab_title, user_login, sequence, display_type, locked)  VALUES ('1192246744093', 'Module Management', 'admin', 1, 'left_navigation', 0) ;
DELETE FROM tab_user;
INSERT INTO tab_user (tab_id, tab_title, user_login, sequence, display_type, locked, hide)  VALUES ('1191904545724', 'Portal Administration', 'admin', 2, 'left_navigation', 0, 0) ;
INSERT INTO tab_user (tab_id, tab_title, user_login, sequence, display_type, locked, hide)  VALUES ('1191921140711', 'Home', 'anon', 1, 'narrow_wide', 0, 0) ;
INSERT INTO tab_user (tab_id, tab_title, user_login, sequence, display_type, locked, hide)  VALUES ('1191921140725', 'Portal Community', 'admin', 1, 'narrow_wide', 0, 0) ;
INSERT INTO tab_user (tab_id, tab_title, user_login, sequence, display_type, locked, hide)  VALUES ('1192244679034', 'Services', 'anon', 2, 'left_navigation', 0, 0) ;
INSERT INTO tab_user (tab_id, tab_title, user_login, sequence, display_type, locked, hide)  VALUES ('1192282900055', 'Portfolio', 'anon', 3, 'pulldown_menu', 0, 0) ;
INSERT INTO tab_user (tab_id, tab_title, user_login, sequence, display_type, locked, hide)  VALUES ('1192340279699', 'Contact', 'anon', 4, 'single_column', 0, 0) ;
DELETE FROM tabs;
DELETE FROM user_css;
INSERT INTO user_css (user_login, css_name)  VALUES ('anon', 'aeon.css') ;
INSERT INTO user_css (user_login, css_name)  VALUES ('ani', 'default.css') ;
INSERT INTO user_css (user_login, css_name)  VALUES ('siti', 'default.css') ;
INSERT INTO user_css (user_login, css_name)  VALUES ('admin', 'aeon.css') ;
DELETE FROM user_module;
INSERT INTO user_module (tab_id, user_login, module_id, sequence, module_custom_title, column_number)  VALUES ('1191904545724', 'admin', 'lebah_app_RegisterNewModule', 1, 'Register Module', 0) ;
INSERT INTO user_module (tab_id, user_login, module_id, sequence, module_custom_title, column_number)  VALUES ('1191904545724', 'admin', 'lebah_app_RegisterUserModule', 4, 'Register User', 0) ;
INSERT INTO user_module (tab_id, user_login, module_id, sequence, module_custom_title, column_number)  VALUES ('1191904545724', 'admin', 'lebah_portal_RenameGroupModule', 7, 'Rename Modules Group', 0) ;
INSERT INTO user_module (tab_id, user_login, module_id, sequence, module_custom_title, column_number)  VALUES ('1191904545724', 'admin', 'lebah_util_RepositoryModule', 10, 'Repository', 0) ;
INSERT INTO user_module (tab_id, user_login, module_id, sequence, module_custom_title, column_number)  VALUES ('1191904545724', 'admin', 'lebah_portal_PrepareUserModule', 8, 'Role Pages Template', 0) ;
INSERT INTO user_module (tab_id, user_login, module_id, sequence, module_custom_title, column_number)  VALUES ('1191904545724', 'admin', 'lebah_app_RoleModule', 3, 'Roles', 0) ;
INSERT INTO user_module (tab_id, user_login, module_id, sequence, module_custom_title, column_number)  VALUES ('1191904545724', 'admin', 'lebah_module_theme_PageStyleManagerModule', 9, 'Themes Manager', 0) ;
INSERT INTO user_module (tab_id, user_login, module_id, sequence, module_custom_title, column_number)  VALUES ('1191904545724', 'admin', 'lebah_app_UpdateUserModule', 5, 'Update User', 0) ;
INSERT INTO user_module (tab_id, user_login, module_id, sequence, module_custom_title, column_number)  VALUES ('1191904545724', 'admin', 'lebah_app_users_UserAdministratorModule', 6, 'List Users', 0) ;
INSERT INTO user_module (tab_id, user_login, module_id, sequence, module_custom_title, column_number)  VALUES ('1191904545724', 'admin', 'lebah_app_RoleEditorModule', 6, 'User Modules Access Privilleges', 0) ;
INSERT INTO user_module (tab_id, user_login, module_id, sequence, module_custom_title, column_number)  VALUES ('1191904545724', 'admin', 'lebah_portal_db_DbInfoModule', 11, 'Db Info', 0) ;
INSERT INTO user_module (tab_id, user_login, module_id, sequence, module_custom_title, column_number)  VALUES ('1191904545724', 'admin', 'lebah_app_ModuleEditor', 2, 'List Modules', 0) ;
INSERT INTO user_module (tab_id, user_login, module_id, sequence, module_custom_title, column_number)  VALUES ('1191921140711', 'anon', 'lebah_app_MessageModule', 3, 'Announcement', 0) ;
INSERT INTO user_module (tab_id, user_login, module_id, sequence, module_custom_title, column_number)  VALUES ('1191921140711', 'anon', 'lebah_app_ForumModule', 4, 'Discussion Forum', 1) ;
INSERT INTO user_module (tab_id, user_login, module_id, sequence, module_custom_title, column_number)  VALUES ('1191921140725', 'admin', 'lebah_app_MessageModule', 2, 'Announcement', 1) ;
INSERT INTO user_module (tab_id, user_login, module_id, sequence, module_custom_title, column_number)  VALUES ('1191921140725', 'admin', 'lebah_app_ForumModule', 3, 'Discussion Forum', 1) ;
INSERT INTO user_module (tab_id, user_login, module_id, sequence, module_custom_title, column_number)  VALUES ('1191921140711', 'anon', 'lebah_app_shout.ShoutModule', 1, 'Shout Box', 0) ;
INSERT INTO user_module (tab_id, user_login, module_id, sequence, module_custom_title, column_number)  VALUES ('1191921140725', 'admin', 'lebah_app_shout.ShoutModule', 1, 'Shout Box', 0) ;
INSERT INTO user_module (tab_id, user_login, module_id, sequence, module_custom_title, column_number)  VALUES ('1192244679034', 'anon', 'lebah_app_MessageModule', 1, 'Announcement', 0) ;
INSERT INTO user_module (tab_id, user_login, module_id, sequence, module_custom_title, column_number)  VALUES ('1192244679034', 'anon', 'lebah_app_ForumModule', 2, 'Discussion Forum', 0) ;
INSERT INTO user_module (tab_id, user_login, module_id, sequence, module_custom_title, column_number)  VALUES ('1192244679034', 'anon', 'lebah_guestbook_GuestBookModule', 3, 'Guest Book', 0) ;
INSERT INTO user_module (tab_id, user_login, module_id, sequence, module_custom_title, column_number)  VALUES ('1192244679034', 'anon', 'lebah_app_shout.ShoutModule', 4, 'Shout Box', 0) ;
INSERT INTO user_module (tab_id, user_login, module_id, sequence, module_custom_title, column_number)  VALUES ('1192282900055', 'anon', 'lebah_app_MessageModule', 1, 'Announcement', 0) ;
INSERT INTO user_module (tab_id, user_login, module_id, sequence, module_custom_title, column_number)  VALUES ('1192282900055', 'anon', 'lebah_app_ForumModule', 2, 'Discussion Forum', 0) ;
INSERT INTO user_module (tab_id, user_login, module_id, sequence, module_custom_title, column_number)  VALUES ('1192282900055', 'anon', 'lebah_guestbook_GuestBookModule', 3, 'Guest Book', 0) ;
INSERT INTO user_module (tab_id, user_login, module_id, sequence, module_custom_title, column_number)  VALUES ('1192282900055', 'anon', 'lebah_app_shout.ShoutModule', 4, 'Shout Box', 0) ;
INSERT INTO user_module (tab_id, user_login, module_id, sequence, module_custom_title, column_number)  VALUES ('1191921140711', 'anon', 'Anon_1192340279690', 2, 'AJAX DEMO', 1) ;
INSERT INTO user_module (tab_id, user_login, module_id, sequence, module_custom_title, column_number)  VALUES ('1192340279699', 'anon', 'Anon_1192340279700', 1, 'Contact', 0) ;
INSERT INTO user_module (tab_id, user_login, module_id, sequence, module_custom_title, column_number)  VALUES ('1192282900055', 'anon', 'Anon_1192340279703', 5, '', 0) ;
DELETE FROM user_module_template;
INSERT INTO user_module_template (tab_id, user_login, module_id, sequence, module_custom_title, column_number)  VALUES ('1192197886708', 'teacher', 'lebah_app_ForumModule', 1, 'Discussion Forum', 0) ;
INSERT INTO user_module_template (tab_id, user_login, module_id, sequence, module_custom_title, column_number)  VALUES ('1192197886708', 'teacher', 'lebah_app_shout.ShoutModule', 2, 'Shout Box', 1) ;
INSERT INTO user_module_template (tab_id, user_login, module_id, sequence, module_custom_title, column_number)  VALUES ('1192201628026', 'user', 'lebah_app_ForumModule', 1, 'Discussion Forum', 0) ;
INSERT INTO user_module_template (tab_id, user_login, module_id, sequence, module_custom_title, column_number)  VALUES ('1192201628027', 'user', 'lebah_app_shout.ShoutModule', 1, 'Shout Box', 0) ;
INSERT INTO user_module_template (tab_id, user_login, module_id, sequence, module_custom_title, column_number)  VALUES ('1192201628020', 'student', 'lebah_app_shout.ShoutModule', 1, 'Shout Box', 0) ;
INSERT INTO user_module_template (tab_id, user_login, module_id, sequence, module_custom_title, column_number)  VALUES ('1192246744092', 'admin', 'lebah_app_RegisterUserModule', 1, 'Register User', 0) ;
INSERT INTO user_module_template (tab_id, user_login, module_id, sequence, module_custom_title, column_number)  VALUES ('1192246744092', 'admin', 'lebah_portal_PrepareUserModule', 4, 'Role Pages Template', 0) ;
INSERT INTO user_module_template (tab_id, user_login, module_id, sequence, module_custom_title, column_number)  VALUES ('1192246744092', 'admin', 'lebah_app_RoleModule', 3, 'Roles Manager', 0) ;
INSERT INTO user_module_template (tab_id, user_login, module_id, sequence, module_custom_title, column_number)  VALUES ('1192246744092', 'admin', 'lebah_app_UpdateUserModule', 2, 'Update User', 0) ;
INSERT INTO user_module_template (tab_id, user_login, module_id, sequence, module_custom_title, column_number)  VALUES ('1192246744092', 'admin', 'lebah_app_users.UserAdministratorModule', 5, 'User Manager', 0) ;
INSERT INTO user_module_template (tab_id, user_login, module_id, sequence, module_custom_title, column_number)  VALUES ('1192246744092', 'admin', 'lebah_app_RoleEditorModule', 6, 'User Modules Access Privilleges', 0) ;
INSERT INTO user_module_template (tab_id, user_login, module_id, sequence, module_custom_title, column_number)  VALUES ('1192246744093', 'admin', 'lebah_portal_db_DbInfoModule', 4, 'Db Info', 0) ;
INSERT INTO user_module_template (tab_id, user_login, module_id, sequence, module_custom_title, column_number)  VALUES ('1192246744093', 'admin', 'lebah_app_ModuleEditor', 2, 'List Modules', 0) ;
INSERT INTO user_module_template (tab_id, user_login, module_id, sequence, module_custom_title, column_number)  VALUES ('1192246744093', 'admin', 'lebah_app_RegisterNewModule', 1, 'Register Module', 0) ;
INSERT INTO user_module_template (tab_id, user_login, module_id, sequence, module_custom_title, column_number)  VALUES ('1192246744093', 'admin', 'lebah_app_RoleEditorModule', 3, 'User Modules Access Privilleges', 0) ;
DELETE FROM user_role;
INSERT INTO user_role (user_id, role_id)  VALUES ('siti', 'user') ;
INSERT INTO user_role (user_id, role_id)  VALUES ('ani', 'admin') ;
INSERT INTO user_role (user_id, role_id)  VALUES ('admin', 'admin') ;
INSERT INTO user_role (user_id, role_id)  VALUES ('admin', 'user') ;
INSERT INTO user_role (user_id, role_id)  VALUES ('admin', 'teacher') ;
DELETE FROM users;
INSERT INTO users (user_login, user_password, user_name, user_role, user_login_alt, user_address, user_ip_address, date_registered, avatar)  VALUES ('admin', '0DPiKuNIrrVmD8IUCuw1hQxNqZc=', 'Administrator', 'root', '', '', '', '2007-09-01 00:00:00.0', '') ;
INSERT INTO users (user_login, user_password, user_name, user_role, user_login_alt, user_address, user_ip_address, date_registered, avatar)  VALUES ('anon', 'YVGPsXFatNaYrKMqeECsey5QfT4=', 'Anonymous', 'anon', '', '', '', '2007-10-09 23:48:10.0', '') ;
INSERT INTO users (user_login, user_password, user_name, user_role, user_login_alt, user_address, user_ip_address, date_registered, avatar)  VALUES ('anon', 'YVGPsXFatNaYrKMqeECsey5QfT4=', 'Anonymous', 'anon', '', '', '', '2007-10-09 23:48:10.0', '') ;
INSERT INTO users (user_login, user_password, user_name, user_role, user_login_alt, user_address, user_ip_address, date_registered, avatar)  VALUES ('ani', 'P3nM0UMviWCqkGLZBmX+q7X9Gdg=', 'Ruhayani Mohd Saat', 'teacher', '', '', '', '2007-10-12 15:53:21.0', '') ;
INSERT INTO users (user_login, user_password, user_name, user_role, user_login_alt, user_address, user_ip_address, date_registered, avatar)  VALUES ('siti', 'VO77TsuRKg+UZeWPW1lnw8Q+rf8=', 'Siti', 'student', '', '', '', '2007-10-12 23:26:13.0', '') ;
DELETE FROM users_data;
